N,P,K,pH,Temperature,Humidity,Rainfall,Crop,Fertilizer_Amount (kg/ha),Fertilizer_Type
44,15,32,7.4,23.8,81,156,Maize,112,Urea
87,24,78,6.9,29.6,68,241,Rice,60,NPK 20-10-10
42,20,28,7.3,25.7,67,181,Yam,84,NPK 20-10-10
23,8,67,6.7,26.8,89,126,Maize,119,Urea
115,37,15,6.1,25.2,82,216,Maize,66,NPK 23-10-5
93,14,60,5.9,24.7,61,104,Yam,57,Ammonium Sulphate
109,22,66,6.0,25.8,69,116,Yam,50,Generic NPK
72,25,60,6.9,27.0,64,293,Maize,85,Generic NPK
105,43,43,6.2,22.0,80,228,Yam,50,Generic NPK
10,20,64,6.9,21.3,61,271,Cocoa,61,Asaase Wura
103,19,13,5.9,22.1,75,217,Groundnut,50,Single Super Phosphate
117,50,55,5.7,29.1,69,220,Cassava,50,NPK 12-15-17
97,11,34,5.3,31.7,69,182,Cocoa,50,Organic Cocoa Blend
119,33,19,5.3,26.7,89,161,Cocoa,50,NPK 12-10-18
35,30,67,5.1,25.3,79,148,Cassava,69,NPK 12-15-17
75,5,48,5.6,25.3,75,183,Yam,70,Ammonium Sulphate
70,60,80,5.5,22.3,71,171,Yam,52,Generic NPK
75,5,21,7.3,21.1,61,224,Cassava,67,NPK 12-15-17
93,36,66,7.2,25.8,75,260,Maize,67,NPK 15-15-15
108,16,69,6.9,22.5,78,180,Groundnut,50,Single Super Phosphate
50,32,11,6.3,31.7,76,193,Maize,108,Urea
22,44,56,6.4,24.3,70,191,Cassava,73,NPK 12-15-17
76,45,54,6.6,24.8,84,108,Maize,77,NPK 15-15-15
79,22,30,5.8,20.1,73,141,Rice,74,Sulphate of Ammonia
42,60,51,6.2,24.4,70,206,Rice,77,Urea
43,35,77,7.0,31.4,66,128,Cassava,63,NPK 12-15-17
51,39,19,6.4,23.3,76,186,Maize,103,Urea
51,14,36,6.2,20.2,65,163,Cocoa,54,Asaase Wura
108,15,33,7.4,29.6,87,101,Groundnut,50,Single Super Phosphate
62,40,49,5.2,25.4,70,279,Cocoa,50,Organic Cocoa Blend
52,57,40,6.2,26.2,68,261,Yam,68,NPK 20-10-10
97,9,74,5.5,23.8,71,211,Cocoa,50,Asaase Wura
112,51,38,5.4,30.7,85,198,Groundnut,50,Gypsum
62,35,45,6.7,29.9,90,104,Cassava,61,NPK 12-15-17
117,31,71,6.5,20.6,82,250,Cassava,50,NPK 12-15-17
16,37,54,6.2,20.4,88,222,Cassava,77,NPK 12-15-17
115,28,12,6.9,27.3,76,257,Cassava,50,NPK 12-15-17
22,45,69,6.9,20.4,68,210,Yam,79,NPK 20-10-10
82,30,64,6.2,27.3,65,279,Cassava,51,NPK 12-15-17
91,45,36,6.5,24.9,87,169,Yam,54,Generic NPK
93,34,80,7.5,28.6,69,118,Yam,50,Generic NPK
109,33,60,5.1,21.5,66,270,Cocoa,50,Organic Cocoa Blend
53,13,49,5.7,27.5,73,123,Yam,78,NPK 20-10-10
46,40,63,6.3,29.4,66,195,Rice,79,Urea
89,41,46,6.5,29.1,83,265,Cassava,50,NPK 12-15-17
47,6,72,6.3,21.8,61,193,Yam,78,NPK 20-10-10
105,7,16,7.5,24.8,66,165,Maize,83,NPK 23-10-5
102,6,33,6.4,20.8,76,294,Cassava,54,NPK 12-15-17
75,44,30,7.3,20.7,75,206,Cocoa,50,Asaase Wura
15,41,55,7.0,23.5,71,236,Rice,96,Urea
45,55,54,6.5,25.1,70,264,Cassava,61,NPK 12-15-17
62,39,35,6.0,30.5,78,149,Yam,69,Generic NPK
28,44,69,6.2,28.1,70,153,Rice,86,Urea
64,5,66,5.4,31.6,86,133,Groundnut,56,Single Super Phosphate
117,36,16,5.6,26.6,84,141,Cassava,50,NPK 12-15-17
14,47,42,6.7,24.1,65,292,Cassava,78,NPK 12-15-17
25,56,36,6.8,21.4,73,119,Groundnut,63,Gypsum
46,33,25,7.0,20.5,79,268,Rice,89,Urea
46,55,54,7.1,22.5,88,138,Groundnut,53,Gypsum
75,54,54,6.9,25.0,89,127,Rice,62,NPK 20-10-10
42,51,10,6.8,25.1,88,276,Yam,79,NPK 20-10-10
14,36,78,6.2,26.9,74,131,Yam,84,NPK 20-10-10
31,32,46,5.7,29.5,82,287,Cassava,74,NPK 12-15-17
85,27,33,5.4,28.2,76,124,Cassava,55,NPK 12-15-17
80,40,36,6.2,21.8,72,238,Cassava,54,NPK 12-15-17
48,9,56,6.1,31.9,76,100,Yam,80,NPK 20-10-10
31,52,36,6.3,27.1,87,136,Maize,106,Urea
73,13,26,6.6,28.2,74,264,Maize,97,NPK 23-10-5
89,43,78,6.9,31.4,77,155,Maize,64,NPK 15-15-15
38,39,69,6.8,22.8,81,171,Maize,99,Urea
93,14,34,7.3,22.1,68,172,Groundnut,50,Single Super Phosphate
19,44,24,5.5,21.7,85,154,Cocoa,59,NPK 12-10-18
65,43,55,5.6,24.2,72,272,Cocoa,50,Asaase Wura
34,6,72,6.7,21.7,75,109,Cocoa,56,Asaase Wura
46,23,29,5.4,30.0,72,172,Cassava,73,NPK 12-15-17
117,54,52,6.6,30.3,90,185,Yam,50,Generic NPK
79,24,65,5.3,27.8,71,293,Rice,67,NPK 20-10-10
88,47,18,7.3,26.4,84,176,Yam,58,Generic NPK
27,28,56,6.9,31.1,61,212,Cassava,75,NPK 12-15-17
41,5,12,7.5,21.6,67,143,Cocoa,61,NPK 12-10-18
101,35,33,6.5,29.5,71,192,Cassava,50,NPK 12-15-17
42,45,73,5.6,28.7,67,180,Maize,93,Urea
117,25,18,6.4,20.9,86,275,Cassava,50,NPK 12-15-17
52,36,54,6.8,20.6,63,174,Groundnut,55,Gypsum
85,36,34,6.9,22.7,71,195,Yam,60,Generic NPK
109,6,20,6.2,23.8,62,133,Yam,60,Ammonium Sulphate
21,36,30,5.5,24.1,79,238,Groundnut,69,Gypsum
47,7,23,7.3,20.9,78,292,Cassava,77,NPK 12-15-17
53,49,60,6.0,25.2,71,177,Cocoa,50,Asaase Wura
68,45,66,7.2,31.9,81,293,Cassava,53,NPK 12-15-17
17,24,69,5.9,26.0,62,258,Yam,87,NPK 20-10-10
111,27,55,7.4,30.8,60,217,Yam,50,Generic NPK
37,42,26,6.8,22.7,78,214,Maize,108,Urea
77,53,72,6.1,22.7,77,133,Maize,69,NPK 15-15-15
65,38,80,6.2,22.4,66,262,Maize,80,NPK 15-15-15
93,25,78,5.0,30.6,80,180,Maize,68,Generic NPK
28,22,44,7.3,29.4,81,134,Cocoa,58,Asaase Wura
36,31,42,7.2,26.6,73,123,Cocoa,54,Asaase Wura
50,37,47,6.9,28.7,88,126,Cassava,65,NPK 12-15-17
14,56,41,6.9,23.9,60,165,Maize,114,Urea
58,40,29,6.0,21.8,84,172,Groundnut,56,Gypsum
79,57,71,7.4,23.9,83,240,Yam,50,Generic NPK
40,59,74,5.0,24.0,62,187,Yam,67,NPK 20-10-10
17,20,55,6.0,25.7,86,134,Groundnut,71,Single Super Phosphate
87,16,59,7.0,30.6,66,100,Maize,80,NPK 23-10-5
75,47,67,6.5,29.5,79,288,Maize,74,NPK 15-15-15
17,59,49,6.2,21.8,73,180,Maize,109,Urea
51,18,18,5.2,28.6,88,250,Maize,111,Urea
114,57,60,7.2,29.8,82,291,Maize,50,NPK 15-15-15
60,29,29,7.4,24.7,64,208,Cocoa,50,NPK 12-10-18
104,21,12,6.6,28.9,82,255,Rice,66,Sulphate of Ammonia
14,41,36,7.5,22.1,78,134,Groundnut,70,Gypsum
92,46,52,7.2,25.9,78,183,Rice,56,NPK 20-10-10
60,58,18,5.4,28.0,83,133,Cocoa,50,NPK 12-10-18
86,7,26,5.2,22.0,78,114,Yam,69,Ammonium Sulphate
12,26,36,7.3,28.6,83,225,Cocoa,63,Asaase Wura
90,48,76,5.1,28.3,79,189,Cocoa,50,Organic Cocoa Blend
76,51,26,7.2,30.1,78,147,Maize,82,NPK 23-10-5
92,51,30,7.3,30.9,69,296,Cocoa,50,Asaase Wura
79,43,57,5.1,30.1,66,300,Yam,56,Generic NPK
49,15,36,7.4,22.6,66,128,Rice,90,Urea
94,46,33,6.1,31.2,72,270,Rice,59,Sulphate of Ammonia
99,30,77,6.9,31.4,79,155,Cassava,50,NPK 12-15-17
116,33,25,6.1,31.7,83,163,Rice,54,Sulphate of Ammonia
45,44,52,5.6,27.4,75,200,Cassava,64,NPK 12-15-17
104,26,36,5.3,26.6,87,194,Maize,72,Generic NPK
107,38,39,5.2,30.5,71,206,Groundnut,50,Gypsum
26,58,48,7.5,29.8,78,188,Cassava,69,NPK 12-15-17
58,24,71,5.5,25.9,81,146,Groundnut,53,Single Super Phosphate
115,29,17,7.0,30.2,81,135,Groundnut,50,Single Super Phosphate
10,46,18,5.9,20.2,64,162,Maize,125,Urea
15,32,59,7.4,26.6,73,229,Yam,88,NPK 20-10-10
86,7,66,7.4,22.8,77,127,Rice,68,NPK 20-10-10
25,15,16,7.0,20.5,65,226,Groundnut,74,Single Super Phosphate
58,52,79,6.3,27.1,61,171,Groundnut,50,Gypsum
23,9,79,7.3,28.6,77,195,Groundnut,67,Single Super Phosphate
92,45,32,5.0,26.5,79,246,Groundnut,50,Gypsum
61,6,18,7.3,26.2,86,184,Cocoa,54,NPK 12-10-18
54,39,18,6.6,27.2,62,291,Yam,76,NPK 20-10-10
100,50,41,6.9,28.1,67,298,Maize,64,NPK 15-15-15
26,37,34,5.6,27.6,74,180,Yam,86,NPK 20-10-10
85,44,57,5.6,26.8,90,220,Rice,59,NPK 20-10-10
102,38,12,7.0,20.3,77,251,Cocoa,50,NPK 12-10-18
101,34,70,5.3,28.5,65,160,Maize,62,NPK 15-15-15
50,55,11,5.1,28.8,72,171,Cassava,66,NPK 12-15-17
101,49,52,6.7,28.8,60,237,Maize,61,NPK 15-15-15
92,45,72,6.3,23.1,84,237,Maize,63,NPK 15-15-15
88,27,71,6.5,23.9,60,156,Cassava,50,NPK 12-15-17
111,33,40,5.0,30.6,89,253,Yam,50,Generic NPK
18,56,73,5.2,21.7,62,278,Groundnut,60,Gypsum
91,45,46,6.7,27.5,90,258,Cocoa,50,Asaase Wura
24,22,24,6.9,21.2,90,288,Cassava,82,NPK 12-15-17
69,37,56,6.6,29.9,78,121,Maize,84,NPK 15-15-15
101,48,20,5.8,28.7,61,137,Rice,58,Sulphate of Ammonia
118,23,45,6.5,25.2,78,298,Cassava,50,NPK 12-15-17
74,41,65,6.4,22.2,67,184,Cassava,51,NPK 12-15-17
34,47,31,6.2,25.5,68,173,Cassava,71,NPK 12-15-17
120,34,42,7.0,24.4,76,189,Groundnut,50,Gypsum
60,49,10,7.4,29.2,74,238,Rice,80,Sulphate of Ammonia
13,13,62,6.1,27.6,76,221,Rice,104,Urea
94,34,63,5.5,28.3,75,247,Cocoa,50,Asaase Wura
118,54,47,6.6,30.1,60,200,Rice,50,NPK 20-10-10
97,25,45,7.4,29.2,80,118,Groundnut,50,Single Super Phosphate
34,24,12,6.9,25.5,71,217,Yam,90,NPK 20-10-10
42,28,17,5.4,26.3,67,171,Rice,94,Urea
27,25,42,6.1,25.6,70,118,Cocoa,58,Asaase Wura
112,54,20,5.8,24.2,71,154,Groundnut,50,Gypsum
99,53,43,5.7,30.9,63,250,Yam,50,Generic NPK
36,31,33,5.0,23.6,64,234,Groundnut,65,Gypsum
33,19,37,6.8,26.5,79,137,Rice,97,Urea
73,55,15,5.7,27.1,65,242,Groundnut,50,Gypsum
41,53,24,6.9,27.6,69,269,Yam,77,NPK 20-10-10
95,30,13,7.5,27.6,88,159,Maize,81,NPK 23-10-5
60,24,29,6.7,26.0,82,283,Rice,84,Sulphate of Ammonia
102,31,78,5.0,23.7,80,114,Cocoa,50,Organic Cocoa Blend
39,24,12,6.6,31.6,65,201,Rice,97,Urea
115,23,43,6.9,22.2,79,213,Cocoa,50,Asaase Wura
33,26,12,6.2,26.6,84,258,Cassava,80,NPK 12-15-17
13,55,50,5.9,26.3,64,272,Cocoa,56,Asaase Wura
43,52,14,5.2,29.8,78,264,Cocoa,52,NPK 12-10-18
118,33,75,5.5,29.8,79,203,Cocoa,50,Asaase Wura
17,17,16,5.4,21.2,69,280,Cassava,88,NPK 12-15-17
114,52,79,7.4,25.0,81,140,Cassava,50,NPK 12-15-17
82,21,26,7.0,25.0,65,274,Maize,89,NPK 23-10-5
100,43,54,7.0,26.6,62,146,Yam,50,Generic NPK
35,15,74,7.5,26.9,88,217,Rice,90,Urea
18,12,68,7.4,20.2,70,132,Groundnut,70,Single Super Phosphate
82,55,34,5.8,20.5,65,162,Cocoa,50,Asaase Wura
54,40,47,7.3,22.5,85,249,Maize,94,Urea
98,50,39,6.5,25.6,63,209,Maize,66,Generic NPK
71,26,40,6.4,21.9,79,234,Cocoa,50,Asaase Wura
101,30,72,7.0,24.4,61,166,Yam,50,Generic NPK
98,17,63,7.2,24.4,62,131,Maize,72,NPK 23-10-5
49,11,64,5.4,29.9,72,290,Groundnut,60,Single Super Phosphate
113,47,57,5.7,26.8,77,192,Yam,50,Generic NPK
43,24,15,7.4,22.2,66,194,Cassava,76,NPK 12-15-17
94,31,79,5.2,25.1,74,158,Cassava,50,NPK 12-15-17
59,47,70,6.4,22.4,64,199,Cocoa,50,Asaase Wura
60,13,12,5.1,24.1,74,192,Rice,90,Sulphate of Ammonia
54,33,60,5.4,26.8,72,104,Cocoa,50,Organic Cocoa Blend
42,43,57,7.1,31.6,69,127,Rice,81,Urea
31,10,55,6.2,20.8,69,200,Maize,117,Urea
16,56,34,6.5,30.3,68,280,Rice,95,Urea
32,29,25,5.1,27.7,75,263,Groundnut,68,Single Super Phosphate
105,32,46,5.4,31.5,63,259,Cocoa,50,Organic Cocoa Blend
46,9,33,5.1,21.3,72,188,Groundnut,66,Single Super Phosphate
90,57,56,5.5,29.2,77,107,Cocoa,50,Asaase Wura
23,12,70,7.2,31.3,85,152,Rice,97,Urea
59,28,77,6.0,30.8,86,270,Rice,73,Urea
33,33,62,6.5,25.9,65,125,Yam,79,NPK 20-10-10
103,20,77,5.3,21.6,71,271,Maize,64,NPK 23-10-5
27,7,35,7.2,21.4,69,109,Groundnut,73,Single Super Phosphate
73,59,38,6.4,22.0,63,144,Rice,65,Sulphate of Ammonia
37,48,63,5.0,29.9,90,243,Cocoa,50,Organic Cocoa Blend
58,6,39,6.7,20.5,81,202,Yam,79,NPK 20-10-10
112,22,20,6.0,24.0,88,285,Yam,54,Generic NPK
30,43,79,7.2,25.0,60,173,Groundnut,58,Gypsum
58,58,62,6.8,27.5,60,251,Cocoa,50,Asaase Wura
53,19,11,5.7,25.0,60,196,Rice,92,Urea
77,17,65,6.0,30.6,76,300,Maize,84,NPK 23-10-5
18,38,79,7.2,24.8,71,201,Cassava,72,NPK 12-15-17
68,42,67,6.6,27.7,78,241,Yam,60,Generic NPK
48,13,15,7.1,31.6,71,219,Rice,96,Urea
120,10,17,5.2,29.8,79,182,Groundnut,50,Single Super Phosphate
59,22,11,6.8,31.7,68,230,Groundnut,62,Single Super Phosphate
63,28,72,5.6,27.5,75,144,Maize,87,Generic NPK
24,6,60,7.4,24.0,85,185,Groundnut,70,Single Super Phosphate
91,40,42,5.9,24.0,65,152,Maize,73,NPK 15-15-15
116,48,20,5.1,21.1,62,290,Rice,50,Sulphate of Ammonia
65,15,79,6.9,28.3,89,126,Yam,66,Ammonium Sulphate
117,13,56,6.8,24.8,81,213,Maize,64,NPK 23-10-5
80,23,36,7.4,21.5,71,296,Cocoa,50,Asaase Wura
72,16,12,5.8,21.7,88,212,Maize,100,NPK 23-10-5
63,34,43,5.8,24.0,79,193,Rice,76,NPK 20-10-10
60,59,59,5.7,26.6,60,255,Groundnut,50,Gypsum
93,54,43,6.2,20.4,71,217,Yam,50,Generic NPK
67,59,22,7.4,31.5,88,293,Yam,64,Generic NPK
93,18,65,5.7,22.2,90,266,Cocoa,50,Asaase Wura
27,23,52,5.5,30.4,65,300,Cocoa,57,Asaase Wura
115,25,63,5.1,29.3,90,262,Rice,50,NPK 20-10-10
73,36,41,6.7,29.9,64,147,Groundnut,50,Gypsum
97,60,33,7.0,27.9,80,148,Rice,53,Sulphate of Ammonia
38,33,20,6.0,29.8,83,116,Cassava,75,NPK 12-15-17
17,20,47,6.4,25.7,61,221,Cassava,82,NPK 12-15-17
66,18,59,6.5,26.7,86,147,Rice,76,NPK 20-10-10
110,21,62,6.7,31.1,70,170,Groundnut,50,Single Super Phosphate
37,25,62,5.1,26.1,69,190,Yam,79,NPK 20-10-10
92,47,52,7.0,29.9,74,265,Groundnut,50,Gypsum
32,46,39,7.3,29.0,86,222,Rice,89,Urea
104,17,73,5.4,28.0,88,217,Maize,66,NPK 23-10-5
85,35,21,5.4,25.2,70,161,Yam,62,Generic NPK
48,29,25,6.1,21.6,87,221,Groundnut,62,Single Super Phosphate
84,54,69,5.3,21.7,65,240,Maize,66,NPK 15-15-15
37,35,77,5.2,25.6,83,213,Groundnut,57,Gypsum
76,51,72,5.2,26.3,77,298,Maize,71,NPK 15-15-15
55,29,78,7.2,31.9,67,275,Rice,75,Urea
16,39,32,7.0,30.3,90,262,Cocoa,60,Asaase Wura
103,15,54,6.9,30.4,65,264,Rice,60,NPK 20-10-10
58,46,74,7.1,22.6,69,227,Rice,69,Urea
37,30,59,5.7,20.9,62,226,Cocoa,52,Asaase Wura
48,59,53,5.8,27.6,87,166,Groundnut,52,Gypsum
62,29,16,7.1,27.4,84,161,Groundnut,58,Single Super Phosphate
120,58,14,6.9,20.5,87,213,Cassava,50,NPK 12-15-17
92,32,31,7.0,30.4,60,117,Yam,58,Generic NPK
74,41,66,6.8,30.7,62,275,Maize,77,NPK 15-15-15
98,21,64,7.1,25.2,62,240,Maize,70,NPK 23-10-5
102,36,31,5.1,21.7,80,206,Groundnut,50,Gypsum
41,9,25,7.4,29.8,83,279,Groundnut,69,Single Super Phosphate
91,49,50,5.5,28.3,84,188,Yam,51,Generic NPK
119,57,56,7.4,28.3,88,177,Cassava,50,NPK 12-15-17
36,7,37,7.2,30.9,76,203,Cocoa,59,Asaase Wura
76,51,75,6.8,30.0,64,209,Cocoa,50,Asaase Wura
78,31,42,5.6,28.1,73,289,Groundnut,50,Gypsum
18,47,29,7.3,28.4,61,170,Maize,117,Urea
57,28,49,5.7,21.3,73,216,Rice,80,Urea
78,7,31,6.8,29.4,75,171,Cassava,63,NPK 12-15-17
49,58,72,5.4,26.3,75,117,Cocoa,50,Organic Cocoa Blend
107,15,54,7.3,24.0,86,233,Groundnut,50,Single Super Phosphate
51,31,68,5.7,29.5,81,175,Rice,78,Urea
40,9,19,5.9,21.1,89,244,Groundnut,70,Single Super Phosphate
85,46,17,7.2,21.1,90,268,Cassava,53,NPK 12-15-17
51,52,29,6.1,21.3,72,280,Rice,80,Urea
70,6,54,5.4,22.0,60,151,Cassava,63,NPK 12-15-17
70,59,62,6.8,31.3,68,271,Yam,55,Generic NPK
111,22,71,5.4,21.7,79,253,Rice,50,NPK 20-10-10
86,42,78,5.4,24.9,66,274,Rice,55,NPK 20-10-10
79,9,51,7.1,30.6,86,220,Groundnut,52,Single Super Phosphate
53,44,43,7.1,22.6,64,191,Groundnut,55,Gypsum
108,60,73,5.5,23.5,73,171,Groundnut,50,Gypsum
119,58,49,5.2,30.5,87,159,Cassava,50,NPK 12-15-17
103,12,73,5.4,29.2,79,122,Cassava,50,NPK 12-15-17
74,52,24,6.5,29.8,80,139,Maize,83,NPK 23-10-5
27,44,46,6.3,26.7,83,185,Yam,81,NPK 20-10-10
43,52,33,5.6,30.1,83,160,Groundnut,58,Gypsum
42,59,24,7.0,29.9,64,168,Cocoa,50,NPK 12-10-18
111,50,70,5.7,27.0,88,299,Groundnut,50,Gypsum
33,33,42,5.9,23.5,88,201,Yam,82,NPK 20-10-10
40,24,49,5.7,24.5,74,144,Cassava,72,NPK 12-15-17
81,60,74,5.3,28.4,72,104,Groundnut,50,Gypsum
31,44,62,5.7,23.2,61,204,Groundnut,60,Gypsum
90,11,75,6.3,28.5,83,272,Yam,57,Ammonium Sulphate
71,23,48,5.9,31.0,80,203,Rice,75,NPK 20-10-10
115,6,53,7.3,30.4,85,189,Rice,57,NPK 20-10-10
88,55,67,7.1,28.3,70,250,Maize,63,NPK 15-15-15
97,5,68,6.1,27.1,85,279,Cassava,50,NPK 12-15-17
89,33,23,6.3,30.0,62,107,Cassava,54,NPK 12-15-17
104,55,60,7.4,26.8,68,286,Yam,50,Generic NPK
66,48,80,6.9,29.0,72,241,Groundnut,50,Gypsum
24,28,10,5.5,31.6,84,174,Yam,94,NPK 20-10-10
112,13,31,5.9,24.6,76,284,Cocoa,50,Asaase Wura
76,20,50,5.7,22.2,90,191,Cassava,58,NPK 12-15-17
88,7,78,5.7,31.6,68,286,Groundnut,50,Single Super Phosphate
112,36,59,6.7,20.8,86,260,Yam,50,Generic NPK
106,41,73,5.1,26.6,63,145,Cocoa,50,Organic Cocoa Blend
50,18,27,7.4,28.1,69,157,Maize,109,Urea
99,5,10,6.3,21.0,70,156,Cassava,59,NPK 12-15-17
115,18,52,6.9,29.2,75,230,Cocoa,50,Asaase Wura
26,8,49,6.7,27.9,74,151,Yam,91,NPK 20-10-10
111,50,77,6.8,30.4,64,121,Cocoa,50,Asaase Wura
81,12,19,6.9,28.3,76,152,Groundnut,55,Single Super Phosphate
38,48,55,7.1,20.7,82,282,Maize,99,Urea
32,44,59,5.3,20.8,73,159,Groundnut,60,Gypsum
24,59,18,5.6,24.0,67,231,Cocoa,56,NPK 12-10-18
68,37,44,5.5,31.7,70,191,Rice,73,NPK 20-10-10
18,26,18,7.3,25.6,63,177,Groundnut,74,Single Super Phosphate
39,60,25,5.1,28.0,79,127,Cassava,67,NPK 12-15-17
47,55,33,5.1,25.9,65,223,Groundnut,56,Gypsum
113,23,27,5.1,28.3,69,130,Cassava,50,NPK 12-15-17
83,33,18,5.5,27.2,67,269,Cassava,57,NPK 12-15-17
61,11,50,5.5,24.1,81,109,Rice,83,NPK 20-10-10
116,42,68,6.4,25.3,75,152,Rice,50,NPK 20-10-10
49,11,20,6.0,26.3,82,147,Maize,114,Urea
109,15,17,6.9,31.8,80,115,Rice,64,Sulphate of Ammonia
99,24,45,6.0,31.5,87,133,Groundnut,50,Single Super Phosphate
99,10,66,6.1,20.9,68,210,Rice,61,NPK 20-10-10
96,54,18,6.5,31.5,76,113,Cocoa,50,NPK 12-10-18
78,6,73,7.3,30.5,73,180,Rice,71,NPK 20-10-10
75,42,33,6.9,25.0,88,190,Maize,84,Generic NPK
65,37,44,5.2,26.3,60,260,Rice,74,NPK 20-10-10
18,49,57,6.1,23.7,68,152,Groundnut,64,Gypsum
51,35,69,7.1,26.4,79,194,Yam,69,NPK 20-10-10
54,54,52,6.4,24.4,64,165,Groundnut,51,Gypsum
65,45,61,5.9,20.3,74,202,Maize,82,NPK 15-15-15
95,47,19,6.8,21.3,70,223,Cocoa,50,NPK 12-10-18
34,8,36,5.8,21.9,87,211,Groundnut,70,Single Super Phosphate
26,37,47,6.6,27.4,77,135,Rice,93,Urea
118,45,28,5.5,21.6,80,147,Groundnut,50,Gypsum
60,30,59,5.7,25.3,65,242,Yam,68,Generic NPK
26,48,70,7.0,23.6,89,128,Maize,102,Urea
78,44,72,6.3,28.0,79,235,Maize,72,NPK 15-15-15
66,58,20,7.0,29.1,60,286,Rice,72,Sulphate of Ammonia
90,30,66,5.2,27.6,88,232,Groundnut,50,Gypsum
118,58,76,6.9,30.5,65,290,Cocoa,50,Asaase Wura
34,24,51,5.1,29.9,83,297,Groundnut,64,Single Super Phosphate
95,27,80,6.3,22.5,80,149,Maize,66,Generic NPK
33,51,31,7.3,30.6,70,174,Cassava,71,NPK 12-15-17
112,39,75,6.9,31.0,76,225,Cassava,50,NPK 12-15-17
119,38,29,5.9,25.1,80,143,Rice,50,Sulphate of Ammonia
118,59,65,7.4,25.2,73,286,Cassava,50,NPK 12-15-17
35,55,46,6.3,21.5,84,244,Groundnut,58,Gypsum
15,30,22,7.3,21.5,72,293,Maize,127,Urea
101,56,42,5.4,20.6,87,197,Rice,51,NPK 20-10-10
71,42,33,5.7,29.9,68,250,Groundnut,50,Gypsum
19,23,42,6.4,21.5,86,225,Groundnut,71,Single Super Phosphate
103,53,45,7.0,30.2,65,298,Rice,50,NPK 20-10-10
92,45,63,6.5,29.8,66,222,Yam,50,Generic NPK
87,60,60,7.4,20.6,75,281,Rice,53,NPK 20-10-10
113,32,70,7.3,31.6,80,117,Cocoa,50,Asaase Wura
75,54,64,6.0,20.7,75,291,Groundnut,50,Gypsum
89,10,37,5.9,27.3,82,118,Maize,86,NPK 23-10-5
33,43,74,7.3,28.9,79,225,Rice,82,Urea
40,15,22,6.9,27.5,75,135,Rice,98,Urea
63,26,39,6.3,24.7,70,198,Groundnut,55,Single Super Phosphate
77,11,13,6.6,23.2,76,166,Yam,74,Ammonium Sulphate
78,6,58,5.3,27.6,73,173,Yam,67,Ammonium Sulphate
27,56,10,5.7,31.6,84,123,Groundnut,66,Gypsum
112,12,18,6.6,31.0,79,197,Yam,57,Ammonium Sulphate
49,27,61,5.4,28.5,84,173,Cassava,65,NPK 12-15-17
102,43,11,5.5,25.1,84,231,Cocoa,50,NPK 12-10-18
69,60,34,5.2,29.5,64,111,Cassava,54,NPK 12-15-17
26,58,12,5.9,32.0,72,102,Yam,84,NPK 20-10-10
85,28,61,7.2,29.1,64,234,Cocoa,50,Asaase Wura
49,36,12,5.1,20.8,72,286,Maize,107,Urea
104,45,52,7.0,20.0,81,180,Cocoa,50,Asaase Wura
17,23,74,5.0,31.8,81,155,Cocoa,58,Organic Cocoa Blend
56,18,37,7.0,26.0,70,236,Cocoa,51,Asaase Wura
52,55,60,5.6,22.5,68,234,Maize,87,Urea
73,25,72,5.6,25.4,90,222,Yam,61,Generic NPK
71,60,77,6.1,23.4,62,265,Rice,58,NPK 20-10-10
39,21,29,5.3,24.0,77,101,Cocoa,57,NPK 12-10-18
61,46,58,5.1,32.0,83,236,Cocoa,50,Organic Cocoa Blend
66,19,13,5.3,22.8,80,217,Cassava,68,NPK 12-15-17
90,51,22,6.8,27.0,79,223,Cocoa,50,NPK 12-10-18
120,29,26,6.2,31.7,89,126,Cassava,50,NPK 12-15-17
12,35,29,6.0,24.1,69,277,Cassava,83,NPK 12-15-17
120,55,29,6.5,24.0,82,206,Rice,50,Sulphate of Ammonia
103,54,80,5.4,24.9,76,171,Rice,50,NPK 20-10-10
63,37,23,5.5,24.4,66,228,Groundnut,55,Gypsum
78,26,77,6.4,29.4,89,285,Groundnut,50,Single Super Phosphate
88,57,21,6.1,20.9,68,238,Cassava,50,NPK 12-15-17
13,5,56,6.1,20.4,86,158,Yam,97,NPK 20-10-10
41,53,53,5.9,21.7,65,133,Yam,72,NPK 20-10-10
102,18,50,6.6,22.1,76,279,Groundnut,50,Single Super Phosphate
33,29,15,7.5,22.6,65,248,Maize,118,Urea
41,30,58,7.4,21.5,70,180,Rice,85,Urea
90,19,16,6.9,21.6,67,253,Rice,73,Sulphate of Ammonia
60,12,55,6.5,28.3,67,158,Cassava,65,NPK 12-15-17
22,42,53,7.3,30.9,67,102,Cassava,74,NPK 12-15-17
99,32,24,6.8,20.3,62,196,Maize,75,NPK 23-10-5
27,54,42,7.1,25.5,74,116,Groundnut,62,Gypsum
70,44,11,5.4,26.2,78,263,Yam,68,Generic NPK
68,42,31,5.5,29.1,64,199,Yam,66,Generic NPK
94,20,11,7.0,25.0,64,300,Groundnut,50,Single Super Phosphate
47,29,12,6.4,25.7,84,125,Yam,83,NPK 20-10-10
14,6,14,7.3,24.6,70,193,Cocoa,69,NPK 12-10-18
33,52,39,6.1,28.8,70,136,Cassava,69,NPK 12-15-17
43,47,29,5.4,25.5,80,125,Maize,102,Urea
46,56,40,5.3,20.0,66,198,Rice,79,Urea
82,10,69,6.2,31.8,65,279,Rice,69,NPK 20-10-10
74,26,56,7.0,21.2,89,286,Yam,63,Generic NPK
88,21,14,6.0,27.7,89,235,Maize,88,NPK 23-10-5
17,54,51,6.6,22.8,72,243,Rice,92,Urea
78,51,63,6.0,30.3,66,107,Groundnut,50,Gypsum
29,7,64,6.4,25.4,89,290,Rice,97,Urea
87,56,16,6.6,30.9,71,174,Cocoa,50,NPK 12-10-18
25,34,71,6.4,28.0,67,229,Yam,81,NPK 20-10-10
119,41,73,5.3,21.6,71,123,Yam,50,Generic NPK
26,47,28,7.2,31.1,68,134,Cocoa,56,NPK 12-10-18
41,8,70,7.1,22.4,84,202,Cassava,72,NPK 12-15-17
29,58,79,5.1,24.2,67,170,Groundnut,55,Gypsum
88,42,41,6.7,24.3,67,184,Cassava,50,NPK 12-15-17
33,35,68,7.0,24.2,62,215,Maize,103,Urea
47,39,61,7.2,29.5,71,183,Rice,79,Urea
66,46,65,5.7,21.9,88,273,Yam,60,Generic NPK
29,39,43,6.5,30.7,88,143,Maize,110,Urea
118,16,72,5.4,28.7,64,277,Yam,50,Ammonium Sulphate
48,7,35,5.9,28.2,87,266,Cassava,75,NPK 12-15-17
77,31,35,6.6,29.3,78,133,Groundnut,50,Gypsum
43,32,39,6.6,27.3,68,182,Cocoa,52,Asaase Wura
46,44,10,5.4,25.8,84,189,Yam,79,NPK 20-10-10
83,24,78,5.4,28.2,82,245,Maize,75,NPK 23-10-5
51,53,59,7.0,25.6,67,245,Yam,66,NPK 20-10-10
23,12,77,6.0,21.6,60,110,Cocoa,57,Asaase Wura
92,12,40,6.9,27.1,79,184,Cocoa,50,Asaase Wura
54,13,14,7.0,23.3,87,270,Cassava,74,NPK 12-15-17
60,60,80,6.8,24.7,86,281,Groundnut,50,Gypsum
113,9,31,6.2,28.7,76,184,Maize,73,NPK 23-10-5
55,36,31,7.0,27.5,63,207,Cassava,66,NPK 12-15-17
48,8,22,7.2,23.9,89,255,Maize,115,Urea
49,24,30,7.0,30.1,79,252,Cocoa,53,Asaase Wura
85,19,21,5.6,31.0,81,298,Groundnut,52,Single Super Phosphate
47,18,46,5.5,31.9,62,195,Rice,88,Urea
90,12,44,7.0,20.7,63,176,Groundnut,50,Single Super Phosphate
93,22,16,5.6,28.8,80,181,Cocoa,50,NPK 12-10-18
88,17,67,5.4,31.5,72,110,Rice,64,NPK 20-10-10
17,56,66,5.2,21.5,64,157,Cassava,70,NPK 12-15-17
64,8,32,5.1,20.6,79,222,Cassava,68,NPK 12-15-17
99,22,36,6.3,24.7,82,160,Maize,76,NPK 23-10-5
106,46,23,6.8,21.7,66,187,Yam,50,Generic NPK
69,35,39,5.3,21.9,65,175,Groundnut,51,Gypsum
112,15,21,7.3,28.5,77,182,Maize,74,NPK 23-10-5
56,24,59,7.4,27.7,65,244,Yam,72,NPK 20-10-10
102,35,55,7.4,31.9,78,174,Yam,50,Generic NPK
13,54,26,7.4,21.4,65,299,Groundnut,69,Gypsum
89,49,80,6.3,27.7,72,252,Cocoa,50,Asaase Wura
21,10,57,6.1,28.9,65,289,Cocoa,61,Asaase Wura
102,12,49,7.5,25.5,82,241,Cocoa,50,Asaase Wura
23,55,47,6.5,26.7,87,159,Groundnut,62,Gypsum
107,58,43,5.7,24.9,76,245,Yam,50,Generic NPK
29,9,16,5.5,26.3,66,199,Cassava,85,NPK 12-15-17
53,12,46,7.4,21.5,74,133,Maize,105,Urea
101,48,49,5.5,22.8,75,119,Maize,62,NPK 15-15-15
63,21,76,6.4,25.0,86,211,Cocoa,50,Asaase Wura
84,58,43,6.2,30.2,84,215,Maize,70,NPK 15-15-15
104,51,57,6.4,24.0,80,298,Groundnut,50,Gypsum
78,35,27,6.6,28.3,64,154,Cocoa,50,NPK 12-10-18
63,23,71,7.5,31.7,90,262,Rice,74,NPK 20-10-10
12,52,45,5.1,20.4,83,113,Cassava,77,NPK 12-15-17
70,37,53,5.7,31.9,66,152,Rice,70,NPK 20-10-10
23,7,22,7.2,23.3,68,160,Maize,130,Urea
15,54,47,6.2,22.7,71,198,Rice,93,Urea
28,16,80,5.4,23.7,88,215,Groundnut,64,Single Super Phosphate
104,22,38,6.8,20.5,87,144,Cassava,50,NPK 12-15-17
87,53,61,5.7,20.8,75,238,Yam,50,Generic NPK
61,16,33,7.1,29.4,71,125,Cassava,68,NPK 12-15-17
78,48,69,6.0,25.9,80,150,Yam,53,Generic NPK
48,17,54,6.1,28.4,65,170,Cassava,69,NPK 12-15-17
119,60,49,6.9,25.7,84,126,Rice,50,NPK 20-10-10
83,42,66,7.0,28.2,79,135,Cassava,50,NPK 12-15-17
77,60,62,7.0,25.5,81,190,Groundnut,50,Gypsum
35,13,57,5.3,20.1,87,103,Cocoa,56,Organic Cocoa Blend
111,29,71,6.0,30.5,63,120,Rice,50,NPK 20-10-10
25,31,59,6.5,28.3,65,251,Yam,84,NPK 20-10-10
14,25,38,7.1,20.7,72,217,Rice,104,Urea
71,54,65,6.9,22.5,68,242,Groundnut,50,Gypsum
35,45,19,7.3,31.6,67,262,Groundnut,64,Gypsum
113,11,37,7.3,30.5,89,161,Yam,53,Ammonium Sulphate
118,21,28,6.0,23.9,87,229,Cocoa,50,NPK 12-10-18
117,33,34,5.8,23.0,88,185,Cocoa,50,Asaase Wura
23,31,18,5.9,22.5,65,229,Maize,123,Urea
32,7,19,7.4,25.5,83,210,Yam,94,NPK 20-10-10
80,14,42,6.7,31.1,84,233,Rice,74,NPK 20-10-10
81,57,36,7.1,27.2,69,296,Cocoa,50,Asaase Wura
39,17,66,6.2,23.2,78,245,Groundnut,62,Single Super Phosphate
114,22,64,5.8,25.1,68,210,Cassava,50,NPK 12-15-17
28,22,38,5.8,27.3,69,137,Cocoa,59,Asaase Wura
81,18,24,5.3,31.1,67,211,Rice,76,Sulphate of Ammonia
34,30,13,7.3,23.6,78,151,Maize,118,Urea
87,59,67,5.0,25.4,70,269,Cassava,50,NPK 12-15-17
99,54,56,5.7,28.5,68,137,Rice,50,NPK 20-10-10
41,46,51,6.8,30.3,75,182,Groundnut,57,Gypsum
21,46,25,6.3,25.8,83,124,Yam,87,NPK 20-10-10
74,42,41,6.0,29.1,60,226,Cassava,55,NPK 12-15-17
45,7,39,5.2,21.7,67,207,Yam,85,NPK 20-10-10
45,29,57,6.9,23.0,86,203,Cocoa,50,Asaase Wura
85,43,35,6.9,30.6,66,239,Cocoa,50,Asaase Wura
100,27,38,5.7,24.9,72,160,Cocoa,50,Asaase Wura
10,55,30,5.2,25.8,62,108,Maize,119,Urea
108,60,24,7.5,28.1,72,207,Maize,60,NPK 23-10-5
112,41,15,6.7,28.9,60,174,Rice,55,Sulphate of Ammonia
77,8,27,5.1,26.4,76,199,Rice,80,Sulphate of Ammonia
25,48,68,5.7,30.3,76,181,Groundnut,60,Gypsum
17,6,14,6.6,30.6,82,299,Cocoa,68,NPK 12-10-18
114,23,73,6.2,30.2,85,212,Yam,50,Generic NPK
77,5,21,6.1,29.1,60,163,Maize,99,NPK 23-10-5
111,44,14,6.6,20.7,61,261,Rice,55,Sulphate of Ammonia
55,16,64,5.2,24.3,86,120,Yam,73,NPK 20-10-10
28,5,30,6.1,32.0,60,201,Yam,94,NPK 20-10-10
56,6,61,6.4,30.7,67,253,Cassava,68,NPK 12-15-17
39,38,53,7.1,26.9,80,286,Cocoa,51,Asaase Wura
77,15,13,6.4,25.7,83,155,Groundnut,56,Single Super Phosphate
75,22,63,6.3,21.5,69,238,Rice,70,NPK 20-10-10
76,7,22,6.1,25.7,82,199,Cassava,66,NPK 12-15-17
45,42,72,7.2,26.7,74,280,Rice,77,Urea
71,10,34,7.3,29.3,85,235,Cassava,65,NPK 12-15-17
58,53,41,5.4,29.5,88,161,Cocoa,50,Organic Cocoa Blend
12,35,79,6.8,28.9,87,282,Cocoa,56,Asaase Wura
27,16,65,5.8,31.8,87,147,Maize,114,Urea
118,58,39,6.6,29.0,76,155,Rice,50,Sulphate of Ammonia
101,55,20,5.1,24.5,68,226,Rice,56,Sulphate of Ammonia
34,58,37,5.8,25.8,66,232,Cocoa,51,Asaase Wura
103,15,55,7.0,20.4,79,117,Groundnut,50,Single Super Phosphate
79,5,33,6.2,22.2,60,105,Yam,71,Ammonium Sulphate
71,13,15,6.2,26.1,79,157,Rice,84,Sulphate of Ammonia
31,42,69,5.7,30.7,80,233,Maize,102,Urea
75,8,49,6.5,26.0,78,119,Groundnut,54,Single Super Phosphate
40,27,54,5.8,30.2,76,274,Maize,105,Urea
88,19,43,7.4,29.6,88,173,Yam,61,Ammonium Sulphate
94,57,16,7.2,32.0,69,295,Groundnut,50,Gypsum
104,17,52,6.0,25.6,71,215,Cassava,50,NPK 12-15-17
13,39,63,5.2,20.6,87,203,Cassava,76,NPK 12-15-17
48,8,80,5.3,24.8,70,297,Groundnut,59,Single Super Phosphate
69,34,74,6.4,26.8,62,252,Cocoa,50,Asaase Wura
48,51,13,7.1,23.2,84,148,Rice,85,Urea
28,44,75,6.6,25.5,86,298,Maize,101,Urea
107,23,32,6.2,25.8,61,265,Cocoa,50,Asaase Wura
20,16,22,5.1,25.9,74,108,Rice,107,Urea
64,52,45,5.9,21.1,68,246,Rice,70,NPK 20-10-10
78,19,13,5.0,29.0,71,247,Cassava,63,NPK 12-15-17
61,15,47,7.0,30.8,75,293,Cocoa,50,Asaase Wura
105,57,66,6.0,21.8,87,156,Maize,53,NPK 15-15-15
34,44,76,6.8,24.0,64,151,Maize,97,Urea
25,25,40,5.4,30.2,80,253,Groundnut,69,Single Super Phosphate
59,24,55,5.1,25.1,60,271,Maize,95,Urea
66,29,77,6.8,29.2,85,124,Yam,62,Generic NPK
38,56,69,6.2,26.8,74,288,Yam,69,NPK 20-10-10
112,58,46,6.8,20.7,84,100,Cassava,50,NPK 12-15-17
18,52,78,7.1,23.1,83,231,Cassava,69,NPK 12-15-17
109,20,24,7.3,21.4,69,254,Rice,61,Sulphate of Ammonia
20,49,13,5.6,23.6,81,156,Maize,119,Urea
74,45,32,6.3,29.5,83,266,Yam,63,Generic NPK
80,60,52,5.9,25.8,60,166,Cocoa,50,Asaase Wura
65,58,33,5.0,30.0,70,236,Cocoa,50,Organic Cocoa Blend
46,18,57,6.1,21.1,85,236,Rice,87,Urea
71,20,15,5.0,22.2,89,204,Cocoa,50,NPK 12-10-18
119,33,13,7.0,23.3,60,183,Cocoa,50,NPK 12-10-18
109,36,49,5.4,25.0,88,170,Cocoa,50,Organic Cocoa Blend
90,16,54,5.5,31.0,90,258,Rice,66,NPK 20-10-10
94,12,54,6.9,29.0,75,255,Rice,65,NPK 20-10-10
88,54,17,7.0,31.1,63,179,Yam,57,Generic NPK
78,36,24,6.7,22.3,67,213,Cassava,57,NPK 12-15-17
103,32,71,5.6,23.5,66,275,Cocoa,50,Asaase Wura
85,6,79,7.2,23.2,72,255,Yam,60,Ammonium Sulphate
66,50,63,5.5,21.0,80,280,Cassava,53,NPK 12-15-17
41,15,44,6.3,27.4,88,231,Cassava,74,NPK 12-15-17
46,30,61,5.7,29.7,78,147,Rice,82,Urea
117,45,59,6.5,27.1,67,197,Maize,51,NPK 15-15-15
93,22,73,5.9,28.6,62,296,Cocoa,50,Asaase Wura
117,21,70,5.5,25.5,87,261,Cocoa,50,Asaase Wura
39,9,73,7.3,29.4,66,120,Maize,108,Urea
37,28,43,5.5,20.6,81,161,Rice,91,Urea
23,58,31,6.6,21.3,79,116,Groundnut,64,Gypsum
32,33,27,5.5,20.5,80,100,Yam,86,NPK 20-10-10
120,40,60,6.6,20.9,85,218,Rice,50,NPK 20-10-10
26,24,19,7.4,27.3,71,139,Cocoa,61,NPK 12-10-18
84,59,20,6.9,24.7,61,178,Groundnut,50,Gypsum
43,35,57,5.7,28.5,67,247,Cassava,66,NPK 12-15-17
112,22,18,7.3,25.1,61,160,Rice,60,Sulphate of Ammonia
76,18,19,5.4,20.0,68,186,Rice,79,Sulphate of Ammonia
53,57,11,7.0,21.8,89,210,Groundnut,56,Gypsum
104,46,23,6.8,26.2,66,153,Maize,67,NPK 23-10-5
68,52,72,5.7,28.4,68,149,Rice,63,NPK 20-10-10
12,11,35,7.1,28.0,72,125,Rice,110,Urea
38,39,51,5.8,28.6,78,272,Maize,103,Urea
42,30,46,7.0,24.9,77,143,Cassava,70,NPK 12-15-17
12,14,13,6.5,30.3,83,165,Cassava,91,NPK 12-15-17
71,15,30,7.2,21.2,65,279,Cassava,64,NPK 12-15-17
47,32,21,6.9,28.1,77,145,Cassava,71,NPK 12-15-17
81,14,42,6.8,25.6,76,268,Rice,73,NPK 20-10-10
70,30,70,7.4,25.7,73,157,Rice,69,NPK 20-10-10
76,43,52,5.7,20.3,77,235,Cocoa,50,Asaase Wura
95,27,38,5.3,31.2,80,147,Cocoa,50,Organic Cocoa Blend
41,49,51,6.3,25.9,76,212,Maize,97,Urea
85,5,13,5.2,26.9,86,125,Groundnut,56,Single Super Phosphate
76,25,27,7.1,26.1,83,192,Cocoa,50,NPK 12-10-18
30,9,76,6.4,28.5,90,299,Rice,94,Urea
85,49,43,6.0,28.4,65,154,Rice,61,NPK 20-10-10
69,41,15,5.8,21.6,79,162,Maize,92,NPK 23-10-5
70,30,50,5.0,24.9,75,110,Cassava,58,NPK 12-15-17
37,16,17,5.3,28.2,74,211,Cassava,80,NPK 12-15-17
67,55,37,7.2,27.1,81,156,Maize,83,Generic NPK
32,7,12,6.2,22.3,70,284,Cassava,85,NPK 12-15-17
80,5,31,5.8,31.6,76,106,Groundnut,55,Single Super Phosphate
62,32,28,6.6,20.3,78,252,Yam,72,Generic NPK
59,14,12,7.1,27.6,85,138,Rice,90,Urea
95,25,50,5.4,29.0,80,154,Yam,55,Generic NPK
89,41,73,5.2,30.8,90,297,Maize,66,NPK 15-15-15
70,15,40,5.5,23.4,89,148,Maize,95,NPK 23-10-5
26,43,50,6.4,21.3,60,229,Cassava,72,NPK 12-15-17
50,25,58,6.9,21.4,89,285,Rice,82,Urea
30,37,79,6.8,30.3,71,124,Rice,85,Urea
72,29,13,7.2,24.2,73,263,Cassava,63,NPK 12-15-17
10,36,39,5.5,31.2,62,113,Yam,93,NPK 20-10-10
115,28,41,5.6,25.7,82,274,Cocoa,50,Asaase Wura
93,15,70,6.3,26.5,87,135,Cassava,50,NPK 12-15-17
93,56,80,5.0,24.3,88,277,Groundnut,50,Gypsum
14,18,34,6.8,31.4,61,105,Maize,129,Urea
19,52,16,5.4,22.6,78,115,Maize,118,Urea
116,59,20,5.2,20.1,82,221,Cocoa,50,NPK 12-10-18
80,32,68,7.4,31.2,79,189,Cassava,51,NPK 12-15-17
81,50,32,6.0,31.2,85,260,Cocoa,50,Asaase Wura
84,38,56,5.3,27.2,89,153,Cocoa,50,Organic Cocoa Blend
44,40,79,7.0,26.1,81,267,Rice,77,Urea
75,41,37,6.8,21.4,85,147,Rice,69,Sulphate of Ammonia
99,22,72,5.3,22.5,78,263,Cocoa,50,Organic Cocoa Blend
72,36,45,5.1,31.7,68,274,Yam,64,Generic NPK
61,30,39,6.4,28.1,71,216,Rice,79,Sulphate of Ammonia
81,48,21,5.6,22.1,63,210,Cassava,54,NPK 12-15-17
40,42,54,5.5,23.2,63,284,Cocoa,50,Asaase Wura
83,9,52,6.4,24.2,68,283,Rice,72,NPK 20-10-10
102,14,26,7.1,29.8,61,257,Yam,59,Ammonium Sulphate
63,10,65,5.3,22.4,88,147,Cocoa,50,Organic Cocoa Blend
106,59,42,6.1,25.9,86,296,Yam,50,Generic NPK
67,48,29,6.4,20.0,89,254,Cocoa,50,NPK 12-10-18
17,31,47,6.8,23.7,74,289,Rice,99,Urea
59,52,15,7.1,24.7,64,222,Groundnut,55,Gypsum
61,13,57,6.6,29.4,74,268,Rice,81,NPK 20-10-10
71,24,37,6.0,26.3,65,152,Cocoa,50,Asaase Wura
77,16,72,7.1,26.4,88,176,Rice,69,NPK 20-10-10
71,44,59,6.2,25.2,90,100,Maize,79,NPK 15-15-15
117,39,74,5.1,30.8,72,117,Cassava,50,NPK 12-15-17
107,12,16,6.9,30.1,83,285,Cassava,53,NPK 12-15-17
88,40,24,6.7,30.4,79,195,Yam,59,Generic NPK
98,47,32,6.1,25.2,63,208,Maize,69,Generic NPK
89,28,10,6.9,30.7,86,242,Maize,86,NPK 23-10-5
72,31,64,5.6,29.8,68,267,Groundnut,50,Gypsum
72,59,44,5.6,23.6,74,234,Rice,64,NPK 20-10-10
114,46,46,5.3,20.3,82,267,Maize,56,NPK 15-15-15
64,45,29,6.5,31.2,78,128,Rice,75,Sulphate of Ammonia
83,9,61,5.8,27.2,87,128,Yam,63,Ammonium Sulphate
47,53,34,5.4,21.1,80,199,Maize,96,Urea
45,20,72,6.3,30.6,63,220,Cocoa,50,Asaase Wura
74,12,25,5.3,25.8,62,188,Maize,97,NPK 23-10-5
114,48,23,6.1,27.3,74,206,Cocoa,50,NPK 12-10-18
50,25,28,6.7,20.4,78,280,Maize,106,Urea
58,48,52,5.5,28.1,69,204,Yam,65,NPK 20-10-10
43,26,60,5.1,25.4,61,207,Groundnut,59,Single Super Phosphate
107,55,30,5.1,29.3,62,133,Yam,50,Generic NPK
86,7,39,5.5,23.3,83,121,Cocoa,50,Asaase Wura
10,48,24,5.4,20.4,85,120,Cocoa,61,NPK 12-10-18
57,20,38,5.4,26.5,69,221,Rice,84,Urea
12,22,55,6.9,28.0,71,193,Groundnut,72,Single Super Phosphate
73,59,45,7.3,27.6,69,249,Cocoa,50,Asaase Wura
81,10,58,6.0,22.9,71,132,Cassava,57,NPK 12-15-17
13,35,46,5.2,31.9,89,205,Groundnut,70,Gypsum
104,32,18,6.0,22.7,82,222,Cocoa,50,NPK 12-10-18
79,31,21,5.7,31.8,64,205,Groundnut,51,Gypsum
18,53,39,7.1,21.6,88,199,Yam,84,NPK 20-10-10
34,18,49,7.4,28.2,82,121,Cocoa,56,Asaase Wura
114,14,25,7.1,22.6,74,247,Maize,72,NPK 23-10-5
86,19,11,7.1,29.2,89,161,Cassava,60,NPK 12-15-17
81,36,35,6.5,27.2,74,196,Cocoa,50,Asaase Wura
21,27,79,6.6,31.3,75,167,Rice,92,Urea
64,23,54,6.3,25.9,66,270,Rice,77,NPK 20-10-10
22,16,59,6.3,30.7,84,249,Cassava,79,NPK 12-15-17
43,8,66,5.1,24.0,87,237,Yam,80,NPK 20-10-10
87,26,19,5.9,23.2,69,289,Groundnut,50,Single Super Phosphate
120,23,55,7.3,20.4,80,223,Rice,50,NPK 20-10-10
103,48,12,5.8,23.6,71,258,Cassava,50,NPK 12-15-17
65,5,60,6.1,24.5,62,296,Maize,97,NPK 23-10-5
66,20,26,6.6,30.2,77,231,Rice,82,Sulphate of Ammonia
93,58,26,5.8,30.7,83,223,Yam,52,Generic NPK
59,35,29,5.6,23.5,85,127,Yam,73,NPK 20-10-10
17,35,13,7.1,21.2,77,274,Cocoa,63,NPK 12-10-18
116,23,45,7.2,21.2,70,102,Cassava,50,NPK 12-15-17
27,39,36,7.1,20.4,75,140,Cocoa,56,Asaase Wura
24,22,74,7.1,22.0,68,104,Cassava,74,NPK 12-15-17
84,8,71,6.8,22.8,67,291,Yam,61,Ammonium Sulphate
35,22,38,6.4,29.4,87,269,Cassava,76,NPK 12-15-17
100,50,33,6.1,23.4,71,186,Yam,50,Generic NPK
36,25,34,7.0,21.5,86,282,Rice,94,Urea
22,54,18,5.2,24.4,87,216,Cocoa,57,NPK 12-10-18
55,48,62,6.4,22.4,87,237,Cassava,58,NPK 12-15-17
24,30,35,6.1,20.2,84,114,Rice,99,Urea
27,28,70,5.7,24.1,65,260,Maize,109,Urea
67,25,12,6.1,28.8,71,194,Maize,100,NPK 23-10-5
67,14,41,5.8,26.1,86,123,Yam,72,Ammonium Sulphate
50,56,16,6.9,27.1,61,251,Groundnut,57,Gypsum
56,37,61,6.3,26.5,75,224,Maize,90,Urea
94,51,37,6.6,22.4,86,200,Yam,51,Generic NPK
47,53,77,5.3,28.2,85,262,Yam,64,NPK 20-10-10
13,15,25,5.1,28.0,73,206,Yam,99,NPK 20-10-10
65,34,20,7.3,31.7,87,171,Yam,72,Generic NPK
49,33,55,5.5,24.8,83,239,Cassava,65,NPK 12-15-17
17,26,44,5.6,24.2,77,295,Rice,101,Urea
89,46,32,5.7,25.7,65,199,Cocoa,50,Asaase Wura
94,47,73,7.4,21.9,90,126,Groundnut,50,Gypsum
41,10,16,7.2,20.3,79,151,Cocoa,60,NPK 12-10-18
51,20,25,5.1,25.5,86,227,Rice,90,Urea
30,45,10,7.2,31.3,73,289,Cassava,77,NPK 12-15-17
15,20,59,7.2,31.5,62,283,Cassava,81,NPK 12-15-17
118,58,65,7.2,22.8,89,181,Yam,50,Generic NPK
113,40,54,5.5,23.7,66,136,Maize,57,NPK 15-15-15
93,22,50,6.8,30.5,69,130,Maize,76,NPK 23-10-5
18,56,59,5.9,27.1,74,192,Maize,107,Urea
60,51,33,5.3,25.4,71,250,Rice,75,Sulphate of Ammonia
64,11,11,6.1,24.8,72,279,Maize,107,NPK 23-10-5
48,13,51,6.9,23.2,79,129,Cocoa,53,Asaase Wura
71,18,48,6.5,28.4,88,296,Yam,68,Ammonium Sulphate
47,34,41,7.0,23.9,67,251,Cassava,68,NPK 12-15-17
53,20,29,6.9,26.1,81,251,Cocoa,53,NPK 12-10-18
103,13,39,7.2,25.8,80,262,Maize,76,NPK 23-10-5
31,22,72,5.6,20.3,88,139,Cocoa,54,Asaase Wura
25,19,71,5.9,31.8,87,293,Yam,85,NPK 20-10-10
112,14,80,5.6,24.0,89,221,Yam,50,Ammonium Sulphate
104,35,21,6.4,22.8,79,288,Maize,72,NPK 23-10-5
51,7,47,5.5,24.3,76,280,Yam,81,NPK 20-10-10
95,23,76,6.5,23.3,83,147,Rice,57,NPK 20-10-10
62,60,21,5.3,21.7,89,253,Groundnut,51,Gypsum
45,47,67,7.2,29.4,87,144,Rice,77,Urea
66,45,49,5.6,23.0,63,257,Rice,70,NPK 20-10-10
63,57,71,5.4,29.7,74,145,Rice,64,NPK 20-10-10
109,24,24,5.0,24.9,90,298,Cassava,50,NPK 12-15-17
18,48,53,6.0,24.0,75,217,Cocoa,55,Asaase Wura
87,26,79,5.6,20.2,72,209,Cassava,50,NPK 12-15-17
28,60,24,6.3,30.4,79,246,Groundnut,63,Gypsum
56,10,41,6.4,30.6,74,284,Rice,87,Urea
118,25,34,6.5,21.8,75,180,Cassava,50,NPK 12-15-17
32,7,24,5.4,30.3,70,121,Yam,93,NPK 20-10-10
86,24,65,5.4,29.8,88,126,Yam,57,Generic NPK
89,31,75,6.2,31.4,69,243,Maize,69,NPK 15-15-15
91,54,11,5.2,30.5,69,207,Rice,63,Sulphate of Ammonia
82,53,24,6.1,22.0,88,121,Cocoa,50,NPK 12-10-18
42,12,30,7.0,30.3,80,193,Groundnut,67,Single Super Phosphate
97,12,49,6.5,28.1,83,194,Groundnut,50,Single Super Phosphate
43,16,49,5.0,29.3,78,191,Cocoa,54,Organic Cocoa Blend
93,40,16,7.3,26.7,90,137,Yam,58,Generic NPK
56,9,38,5.0,29.8,64,256,Groundnut,62,Single Super Phosphate
63,40,29,6.6,22.0,84,279,Yam,69,Generic NPK
96,49,36,6.9,29.4,71,115,Cassava,50,NPK 12-15-17
80,5,59,6.7,22.4,67,164,Maize,88,NPK 23-10-5
10,5,43,7.5,25.4,73,196,Maize,134,Urea
10,19,40,5.9,30.3,64,136,Rice,108,Urea
55,52,30,7.1,20.8,81,119,Rice,77,Urea
34,59,37,5.2,25.4,87,283,Groundnut,59,Gypsum
95,5,11,7.2,26.2,71,249,Yam,68,Ammonium Sulphate
60,6,32,5.3,28.3,60,226,Cassava,71,NPK 12-15-17
45,22,77,6.8,20.9,79,117,Yam,74,NPK 20-10-10
70,27,53,6.3,21.7,90,249,Rice,73,NPK 20-10-10
55,10,53,5.7,24.9,75,146,Yam,77,NPK 20-10-10
70,34,61,7.1,28.3,77,256,Maize,83,NPK 15-15-15
88,37,67,5.9,23.1,88,273,Cocoa,50,Asaase Wura
33,42,48,6.8,23.3,60,101,Maize,105,Urea
61,12,75,7.0,24.5,62,156,Yam,70,Ammonium Sulphate
30,27,59,5.9,23.5,90,286,Cassava,73,NPK 12-15-17
40,45,52,6.2,25.6,90,238,Rice,83,Urea
79,22,39,7.4,31.9,89,114,Yam,65,Generic NPK
87,28,24,5.1,20.2,90,300,Cassava,56,NPK 12-15-17
80,43,64,7.5,25.3,60,116,Cocoa,50,Asaase Wura
14,42,66,5.8,27.3,81,191,Yam,84,NPK 20-10-10
107,45,47,7.0,30.0,73,160,Cocoa,50,Asaase Wura
109,16,59,7.1,21.4,63,267,Yam,50,Ammonium Sulphate
34,39,44,5.8,23.1,88,182,Rice,89,Urea
18,58,77,5.6,23.7,70,177,Yam,76,NPK 20-10-10
86,60,38,5.6,31.9,90,161,Cocoa,50,Asaase Wura
42,16,47,7.2,21.4,61,279,Yam,82,NPK 20-10-10
15,7,18,6.4,31.8,70,165,Maize,136,Urea
103,18,33,6.0,21.5,78,133,Maize,76,NPK 23-10-5
70,23,12,6.0,20.8,67,145,Groundnut,57,Single Super Phosphate
31,18,51,6.4,20.1,76,259,Groundnut,67,Single Super Phosphate
52,55,22,6.4,24.0,75,271,Rice,80,Urea
101,54,31,5.5,24.1,69,251,Cassava,50,NPK 12-15-17
39,5,17,5.1,25.9,67,267,Cocoa,61,NPK 12-10-18
60,29,26,6.0,22.3,66,244,Cassava,66,NPK 12-15-17
24,22,15,5.7,20.6,83,149,Cassava,84,NPK 12-15-17
34,24,18,5.3,30.2,79,148,Groundnut,69,Single Super Phosphate
89,36,62,7.2,24.7,63,205,Maize,71,NPK 15-15-15
66,56,48,6.9,27.7,65,170,Yam,60,Generic NPK
15,53,11,7.4,22.4,65,275,Maize,121,Urea
18,20,50,6.3,21.2,84,288,Groundnut,71,Single Super Phosphate
76,17,47,5.6,29.3,86,300,Maize,89,NPK 23-10-5
29,24,50,6.5,26.4,61,181,Maize,114,Urea
70,7,26,5.9,22.0,70,169,Cocoa,50,NPK 12-10-18
100,37,39,6.2,29.1,76,133,Groundnut,50,Gypsum
21,51,13,6.3,23.5,75,118,Cocoa,59,NPK 12-10-18
69,14,69,7.3,22.2,72,160,Rice,74,NPK 20-10-10
41,26,55,5.3,31.6,79,300,Yam,78,NPK 20-10-10
62,9,68,7.0,26.7,71,215,Cassava,63,NPK 12-15-17
62,51,50,7.2,27.8,90,252,Rice,70,NPK 20-10-10
116,54,42,5.6,23.7,73,104,Cocoa,50,Asaase Wura
98,37,72,5.1,30.0,65,147,Cocoa,50,Organic Cocoa Blend
62,49,49,6.0,29.4,74,297,Rice,71,NPK 20-10-10
33,49,45,6.1,22.9,82,243,Groundnut,60,Gypsum
39,5,67,6.7,20.0,87,265,Groundnut,64,Single Super Phosphate
39,48,18,5.5,20.0,72,240,Cocoa,53,NPK 12-10-18
27,5,52,6.9,25.3,68,206,Maize,121,Urea
62,33,65,6.9,25.5,79,104,Rice,73,NPK 20-10-10
66,46,50,6.3,26.5,68,102,Maize,84,NPK 15-15-15
83,59,11,7.3,26.1,68,148,Yam,59,Generic NPK
28,57,15,7.4,28.3,65,224,Cassava,74,NPK 12-15-17
33,16,57,5.4,27.6,90,259,Maize,113,Urea
49,37,59,5.4,23.4,65,292,Rice,79,Urea
95,28,75,6.3,30.8,76,102,Cocoa,50,Asaase Wura
40,37,50,7.2,30.0,81,211,Yam,77,NPK 20-10-10
52,35,65,7.4,20.5,71,123,Groundnut,54,Gypsum
39,41,67,6.4,29.9,77,254,Maize,98,Urea
10,35,74,5.8,26.6,73,177,Groundnut,67,Gypsum
26,26,36,6.7,31.9,79,153,Groundnut,69,Single Super Phosphate
67,49,36,5.9,25.9,63,244,Cassava,57,NPK 12-15-17
73,55,10,7.1,22.0,89,143,Cassava,57,NPK 12-15-17
44,41,52,5.5,30.4,68,126,Groundnut,57,Gypsum
112,46,60,5.7,22.2,75,256,Maize,54,NPK 15-15-15
11,43,41,6.5,30.4,84,169,Rice,100,Urea
84,23,39,6.2,27.2,62,186,Cassava,56,NPK 12-15-17
76,43,23,6.2,23.9,70,213,Cocoa,50,NPK 12-10-18
71,42,38,5.8,28.0,68,189,Groundnut,50,Gypsum
61,41,53,5.8,22.6,83,179,Cocoa,50,Asaase Wura
63,14,46,5.8,25.4,72,196,Yam,73,Ammonium Sulphate
104,43,58,6.7,26.6,70,274,Rice,50,NPK 20-10-10
105,5,53,7.5,25.1,61,257,Rice,62,NPK 20-10-10
68,20,35,5.6,30.4,68,195,Cassava,64,NPK 12-15-17
24,30,21,6.5,28.8,85,224,Cassava,81,NPK 12-15-17
117,47,57,6.9,25.9,60,119,Cassava,50,NPK 12-15-17
33,39,61,6.1,22.6,89,112,Cassava,69,NPK 12-15-17
18,58,65,5.8,22.8,67,173,Cocoa,52,Asaase Wura
98,54,27,6.8,20.9,85,271,Cassava,50,NPK 12-15-17
17,30,78,6.7,30.8,90,213,Cocoa,56,Asaase Wura
87,30,24,6.9,23.2,72,117,Maize,83,NPK 23-10-5
66,20,64,6.7,27.3,72,185,Rice,75,NPK 20-10-10
68,34,50,6.7,25.4,65,249,Yam,65,Generic NPK
46,31,25,6.0,22.8,67,101,Rice,89,Urea
88,25,68,5.7,30.9,84,166,Cocoa,50,Asaase Wura
61,47,22,7.5,28.8,62,103,Yam,70,Generic NPK
63,26,78,7.3,22.3,62,131,Cocoa,50,Asaase Wura
113,22,13,7.1,24.0,60,127,Maize,73,NPK 23-10-5
79,9,21,7.3,21.7,89,253,Maize,96,NPK 23-10-5
45,29,46,7.0,24.8,63,180,Maize,103,Urea
119,14,28,6.0,27.0,62,155,Maize,69,NPK 23-10-5
37,26,25,6.5,28.8,67,115,Cocoa,57,NPK 12-10-18
22,42,79,6.7,23.4,74,170,Yam,78,NPK 20-10-10
71,30,21,5.1,29.9,73,137,Maize,93,NPK 23-10-5
82,6,45,7.5,25.1,67,128,Maize,90,NPK 23-10-5
106,60,76,6.9,23.8,84,295,Cocoa,50,Asaase Wura
87,25,36,5.8,29.2,84,115,Cocoa,50,Asaase Wura
102,50,36,6.9,20.4,67,142,Rice,53,Sulphate of Ammonia
82,29,67,7.0,23.2,86,186,Maize,76,Generic NPK
52,31,25,6.7,30.6,85,203,Cassava,69,NPK 12-15-17
28,23,35,7.5,28.6,75,268,Cassava,79,NPK 12-15-17
58,35,26,5.1,20.8,83,246,Cassava,65,NPK 12-15-17
89,32,79,7.1,29.7,75,274,Rice,57,NPK 20-10-10
117,9,54,5.2,29.3,73,194,Rice,55,NPK 20-10-10
108,22,60,7.0,23.2,73,144,Groundnut,50,Single Super Phosphate
27,35,75,6.6,27.0,90,158,Cassava,70,NPK 12-15-17
91,35,32,6.5,20.6,68,284,Groundnut,50,Gypsum
26,58,56,6.8,27.0,63,242,Maize,102,Urea
21,25,73,7.5,30.3,76,187,Maize,113,Urea
91,27,37,5.5,22.9,81,118,Groundnut,50,Single Super Phosphate
40,14,10,7.4,28.5,68,243,Cassava,80,NPK 12-15-17
70,17,13,7.5,23.0,63,252,Maize,101,NPK 23-10-5
118,20,22,5.7,21.2,86,230,Yam,51,Generic NPK
74,12,56,7.2,22.4,71,281,Groundnut,52,Single Super Phosphate
96,25,28,5.5,29.8,86,195,Maize,79,NPK 23-10-5
103,39,43,5.5,24.6,66,272,Groundnut,50,Gypsum
22,51,42,6.7,27.6,72,266,Cocoa,55,Asaase Wura
42,6,71,7.4,23.6,74,218,Groundnut,62,Single Super Phosphate
109,29,18,6.2,27.7,69,200,Cocoa,50,NPK 12-10-18
71,56,41,7.4,21.0,86,259,Groundnut,50,Gypsum
59,46,22,6.9,31.9,89,272,Rice,79,Urea
110,45,75,7.5,30.9,87,125,Groundnut,50,Gypsum
84,48,49,6.2,28.6,86,216,Cassava,50,NPK 12-15-17
73,48,57,6.1,31.6,84,266,Yam,58,Generic NPK
36,8,37,7.0,21.4,61,247,Cocoa,59,Asaase Wura
95,43,44,7.5,31.4,85,186,Cocoa,50,Asaase Wura
42,45,59,6.7,29.7,74,251,Yam,72,NPK 20-10-10
10,9,57,5.1,30.8,62,196,Rice,107,Urea
80,53,23,5.4,25.2,86,115,Rice,66,Sulphate of Ammonia
19,11,48,5.5,27.0,80,218,Cassava,83,NPK 12-15-17
70,44,14,7.1,25.8,87,177,Rice,76,Sulphate of Ammonia
42,56,57,5.2,20.0,77,169,Cassava,62,NPK 12-15-17
76,37,55,6.7,22.3,79,128,Cassava,53,NPK 12-15-17
19,25,28,5.2,26.7,79,134,Rice,104,Urea
78,45,45,7.5,20.4,71,122,Yam,58,Generic NPK
100,15,24,5.5,25.0,60,202,Cocoa,50,NPK 12-10-18
103,7,48,5.4,22.9,62,274,Rice,63,NPK 20-10-10
16,54,42,5.9,23.6,78,155,Groundnut,66,Gypsum
56,55,40,7.1,29.0,74,251,Rice,74,Urea
47,46,48,5.4,30.4,77,143,Maize,96,Urea
86,24,71,5.2,26.3,72,110,Cocoa,50,Organic Cocoa Blend
26,29,21,6.3,23.6,80,104,Rice,101,Urea
62,42,21,5.5,28.5,62,233,Rice,79,Sulphate of Ammonia
100,59,64,6.1,29.2,63,123,Rice,50,NPK 20-10-10
81,60,80,6.1,22.8,89,224,Groundnut,50,Gypsum
87,43,37,5.7,24.0,85,226,Rice,63,Sulphate of Ammonia
105,22,77,5.0,25.1,89,221,Groundnut,50,Single Super Phosphate
93,48,43,6.0,28.2,82,117,Groundnut,50,Gypsum
28,27,21,5.0,20.8,71,220,Cocoa,60,NPK 12-10-18
26,11,59,6.6,24.5,70,230,Maize,118,Urea
60,58,58,5.5,25.2,74,245,Cassava,54,NPK 12-15-17
56,43,69,6.6,21.0,74,242,Maize,86,Urea
108,47,35,6.4,21.6,73,109,Maize,62,Generic NPK
42,10,21,6.6,26.1,75,100,Cassava,79,NPK 12-15-17
57,24,32,6.6,22.2,88,154,Maize,101,Urea
103,54,60,7.3,31.4,63,110,Cocoa,50,Asaase Wura
116,56,20,7.1,31.2,71,255,Yam,50,Generic NPK
60,39,35,6.2,26.5,89,118,Yam,70,Generic NPK
96,26,48,5.5,23.7,71,269,Cocoa,50,Asaase Wura
100,49,44,7.2,24.5,82,134,Rice,53,NPK 20-10-10
116,27,48,6.2,22.8,68,102,Yam,50,Generic NPK
114,50,32,6.2,30.8,77,170,Groundnut,50,Gypsum
47,26,18,6.7,26.4,81,116,Maize,110,Urea
114,59,74,5.0,32.0,63,224,Groundnut,50,Gypsum
111,56,64,5.4,20.0,87,205,Rice,50,NPK 20-10-10
34,5,68,5.7,31.3,65,264,Maize,113,Urea
75,40,41,6.0,24.8,82,196,Groundnut,50,Gypsum
111,57,80,7.3,27.5,71,131,Yam,50,Generic NPK
17,25,61,5.2,25.2,87,100,Cocoa,59,Organic Cocoa Blend
61,47,77,5.1,23.2,79,214,Maize,80,NPK 15-15-15
79,17,31,7.2,31.7,76,273,Rice,76,Sulphate of Ammonia
81,48,33,5.0,23.2,78,191,Yam,58,Generic NPK
29,51,33,7.4,31.1,80,199,Cassava,72,NPK 12-15-17
95,22,63,5.2,29.1,84,117,Groundnut,50,Single Super Phosphate
66,23,24,7.4,28.6,75,201,Maize,98,NPK 23-10-5
73,50,69,6.1,24.8,75,101,Cocoa,50,Asaase Wura
12,49,69,7.1,29.9,63,145,Yam,83,NPK 20-10-10
114,17,39,5.4,23.9,84,143,Rice,57,Sulphate of Ammonia
55,10,51,7.1,22.7,71,142,Yam,77,NPK 20-10-10
106,59,12,7.0,29.7,72,207,Groundnut,50,Gypsum
120,50,20,7.2,22.3,83,123,Yam,50,Generic NPK
103,54,43,5.5,31.7,75,148,Maize,60,NPK 15-15-15
68,42,35,5.8,20.3,63,273,Yam,66,Generic NPK
29,42,48,6.9,30.1,69,262,Rice,90,Urea
117,57,80,6.0,27.9,60,204,Rice,50,NPK 20-10-10
33,12,44,7.3,27.7,75,135,Cassava,78,NPK 12-15-17
118,53,53,5.8,27.0,68,102,Cocoa,50,Asaase Wura
74,37,69,6.1,20.2,60,262,Maize,78,NPK 15-15-15
45,55,10,5.7,27.2,81,106,Maize,103,Urea
18,20,69,5.5,25.1,89,288,Yam,88,NPK 20-10-10
28,34,25,7.4,28.1,69,148,Groundnut,68,Gypsum
66,50,25,5.8,26.7,64,135,Cocoa,50,NPK 12-10-18
29,51,69,5.0,23.5,64,102,Yam,75,NPK 20-10-10
91,7,63,6.0,24.0,79,224,Cocoa,50,Asaase Wura
55,27,73,5.6,20.3,64,218,Maize,92,Urea
54,21,80,5.0,24.1,65,252,Groundnut,54,Single Super Phosphate
103,56,18,6.2,23.0,82,103,Yam,50,Generic NPK
10,44,71,6.7,30.9,78,240,Groundnut,66,Gypsum
83,10,11,6.2,23.4,63,220,Rice,80,Sulphate of Ammonia
29,29,75,6.7,21.6,71,105,Cassava,71,NPK 12-15-17
21,8,79,6.8,31.5,90,230,Rice,98,Urea
119,24,74,5.2,31.8,61,228,Yam,50,Generic NPK
52,24,26,5.6,30.3,65,254,Groundnut,62,Single Super Phosphate
112,9,28,6.1,29.4,85,289,Yam,56,Ammonium Sulphate
86,32,64,5.7,23.4,60,135,Yam,55,Generic NPK
111,15,23,5.9,29.4,73,250,Maize,74,NPK 23-10-5
23,54,25,5.6,22.2,86,193,Cassava,75,NPK 12-15-17
23,25,64,5.2,30.9,80,169,Groundnut,66,Single Super Phosphate
50,16,10,6.8,31.2,84,180,Cassava,76,NPK 12-15-17
68,36,78,5.9,27.1,61,170,Groundnut,50,Gypsum
29,49,13,5.6,28.8,65,184,Maize,114,Urea
47,55,55,6.2,29.2,71,188,Rice,76,Urea
23,5,22,5.2,23.5,81,208,Rice,109,Urea
33,19,80,7.0,22.8,77,163,Yam,79,NPK 20-10-10
108,16,60,6.1,21.5,79,193,Yam,50,Ammonium Sulphate
55,38,44,7.1,29.4,86,277,Rice,79,Urea
41,56,39,6.3,30.5,67,236,Yam,73,NPK 20-10-10
100,24,47,5.6,22.8,83,115,Rice,60,NPK 20-10-10
53,55,47,5.2,31.0,69,188,Yam,67,NPK 20-10-10
106,32,15,5.1,30.7,60,102,Rice,61,Sulphate of Ammonia
25,54,20,7.0,27.4,68,194,Groundnut,66,Gypsum
25,6,15,7.3,28.3,81,106,Maize,131,Urea
32,39,19,6.8,31.0,63,133,Cassava,76,NPK 12-15-17
